{
  "meta_title": "",
  "meta_description": "",
  "sections": [
    {
      "type": "banner-slider",
      "autoplay": 9000,
      "full_width": false,
      "slides": [
        {
          "img": "/img/uploads/no-seu-estilo.png",
          "link": "/headset",
          "alt": "Headset banner",
          "start": "",
          "end": "",
          "mobile_img": "/img/uploads/no-seu-estilo.png"
        }
      ]
    },
    {
      "type": "info-bar",
      "enabled": true
    },
    {
      "type": "collection-shelf",
      "shuffle": true,
      "collection_id": null,
      "sort": "lowest_price",
      "title": "",
      "headless": false,
      "limit": 12,
      "page": 1
    },
    {
      "type": "page-title",
      "title": "LOJA VITAL MODA",
      "description": "LOJA VOLTADO A MODA COM PREÇOS BEM ACESSIVEIS"
    }
  ]
}